{
    "shoulder_pan.pos": 70.76980290070657,
    "shoulder_lift.pos": -74.69422184732181,
    "elbow_flex.pos": 33.76978417266187,
    "wrist_flex.pos": -98.38778107764107,
    "wrist_roll.pos": -50.31512605042017,
    "gripper.pos": 2.7309236947791167
}