{
    "shoulder_pan.pos": -81.10821866865005,
    "shoulder_lift.pos": -83.9034162800506,
    "elbow_flex.pos": 25.715827338129486,
    "wrist_flex.pos": 62.71361900721257,
    "wrist_roll.pos": 56.092436974789905,
    "gripper.pos": 2.7309236947791167
}