{
    "shoulder_pan.pos": -6.359241353663066,
    "shoulder_lift.pos": -98.14424293547026,
    "elbow_flex.pos": 99.82014388489208,
    "wrist_flex.pos": 76.15613067458634,
    "wrist_roll.pos": 56.82773109243698,
    "gripper.pos": 2.7309236947791167
}